1,28.8326651547,34.5401632792,10.3837561025,3
2,182.26,55.059,0,0
3,136.68,33.388,0,0
4,146.2321813141,38.3389827687,0.0219620178,0
5,114.679907168,73.678410418,0.2948477392,0
6,28.0353104338,29.558221771,6.1727814796,2
7,148.701451837,41.4190149784,0.0950836092,0
8,16.4520076516,50.2446265675,7.4844860138,2
9,13.0333236558,50.7831741149,7.3980478656,2
10,16.3958643304,49.4012215294,7.476630102,2
11,13.0342699262,50.7833974796,7.3980196175,2
12,11.6001727716,54.4122845999,7.397373523,2
13,12.3220532179,53.4401968816,7.4008965172,2
14,11.9926755199,53.4885097598,7.3967199015,2
15,13.244854867,51.6123723209,7.401842599,2
16,45.7658724256,50.0911251519,11.060001922,3
17,45.3303645817,50.5238367444,11.0826388025,3
18,45.4705552625,50.3260297188,11.0761970632,3
19,45.4528819127,50.2191957555,11.0805502555,3
20,47.2753522495,47.1471993362,10.8837144894,3
21,47.5849806788,46.5496967281,10.8403496358,3
22,47.3804465924,46.8236144201,10.7876327831,3
23,47.1478237853,47.4552473304,11.0279585599,3
24,35.2409608651,35.1982409186,10.2899286828,3
25,33.3133214336,35.4013206782,10.820068864,3
26,33.6059576839,36.1969123926,10.7426792336,3
27,32.3350075431,35.4646325029,10.797160131,3
28,38.337536806,35.1475817486,10.397439652,3
29,39.7119668257,35.4302712416,10.3635095538,3
30,40.1108185313,34.7324437478,10.0170115845,3
31,40.7737630535,35.4011480373,10.3893388218,3
32,45.2847626791,51.5954130479,3.3289579071,1
33,45.474201314,50.7375602206,3.1770209904,1
34,45.7069795734,51.0345847049,3.3446746522,1
35,45.2938875472,51.1152074536,3.2409029858,1
36,47.7076695678,45.6858584526,3.2577615409,1
37,48.1261874916,45.0442058721,3.3152286528,1
38,46.9625234841,47.2937447754,3.3071734489,1
39,47.0470308812,47.1410368376,3.5931842248,1
40,48.0451092368,36.430642313,0.7511974334,0
41,41.7908091564,34.7956458748,0.1366698952,0
42,49.6400357349,37.0424191343,0.8086741053,0
43,44.0190165096,34.9852390935,0.158392503,0
44,36.140552738,34.1131791038,0.0150186964,0
45,39.7858192029,34.1740449559,0.1560597018,0
46,36.4263375347,34.0217152373,0.0184648083,0
47,38.3733280026,34.3265706339,0.0796516488,0
48,32.2848087077,33.7123758382,3.8113942556,1
49,31.5202458837,33.8001453644,3.7815061371,1
50,32.9581687449,33.8409949923,3.8633121575,1
51,31.4381302636,33.8160286415,3.7541793001,1
52,34.2947381705,33.7459874729,3.7035793521,1
53,34.7473430005,33.1021178433,3.7036742533,1
54,34.4097610046,33.0406045174,3.700724715,1
55,34.397894388,33.7389379804,3.7062239146,1
56,20.165389739,41.8793948194,9.9770291261,3
57,17.4175167412,41.0053302946,10.2430812356,3
58,19.7551132572,41.0635381813,10.2879070019,3
59,17.3017603111,41.1979366641,10.2499692358,3
60,18.5441021968,39.1438085966,10.8875641342,3
61,20.6071129295,39.4267998694,10.8155363721,3
62,18.5483084717,39.1398465502,10.8466403967,3
63,20.8032692483,39.3306779466,10.6674806049,3
64,31.1025862093,34.9241533929,7.424959569,2
65,28.8625794942,34.3814267243,7.4012166801,2
66,30.0471261912,34.769033319,7.4392218468,2
67,28.8807493349,34.2974994099,7.4018706761,2
68,30.8654630902,34.7714441684,7.3981036005,2
69,30.6311573241,34.7826958977,7.3940428822,2
70,29.8618981263,34.5872484644,7.3997402079,2
71,30.7746163637,34.7651261097,7.3964020454,2
72,45.2901712949,49.8601782108,7.397911902,2
73,45.9327181163,48.4654671961,7.398052966,2
74,46.2132797079,48.7062509502,7.4147705689,2
75,45.8351496565,48.8154196615,7.3968268879,2
76,44.6199881409,51.8860634208,7.4014569899,2
77,44.9707348507,50.931061563,7.4000528465,2
78,44.8375315893,51.3492365439,7.4012891529,2
79,46.0236980679,48.6086149081,7.4077879544,2
80,47.545362189,49.0542401072,0.0777795214,0
81,46.2146315463,49.3223260343,0.0086984411,0
82,46.2125995486,49.5539624213,0.0215260064,0
83,46.1311723049,49.5198868443,0.0168502044,0
84,48.9395329302,43.3819682276,0.0074762506,0
85,47.2689627155,48.2666071526,0.0450187303,0
86,46.8945358426,48.4787861193,0.0150050732,0
87,49.062727225,48.1835643706,0.1044958073,0
88,41.1746535301,44.3564843733,0.8481167711,0
89,14.6696186365,48.9439346751,0.0709375479,0
90,23.4577640077,47.6282759269,0.5316806665,0
91,15.2502418383,47.658812668,0.0673463233,0
92,15.6458830495,47.0042748028,0.0325941801,0
93,19.8059305371,45.5067076711,0.1521277176,0
94,15.7426237431,46.8418123821,0.0796013529,0
95,18.0433027359,46.8115618313,0.112522012,0
96,167.721472147,52.1787447447,4.2636854492,1
97,111.31,74.542,0,0
98,150.5734863653,31.6882265083,0.0159619561,0
99,150.8573135121,30.1610563833,0,0
100,137.7567884492,30.0997666393,4.9183946428,1
101,126.0554316174,24.7342582181,3.9946356922,1
102,138.0433107722,28.9955521238,4.3527317293,1
103,133.6068605717,27.6431367972,4.3811998863,1
104,129.7137404119,13.6230113052,1.8285546265,0
105,130.2780126184,13.1735847582,2.1343622373,1
106,130.4461279449,12.1962796963,1.3503098351,0
107,131.0204142872,12.0677984439,1.1968164971,0
108,129.1703666287,19.4952568501,3.6757696782,1
109,127.5186162177,20.499808021,3.8516807724,1
110,129.1000607484,19.2048045112,3.6857443279,1
111,127.0846940315,20.8497403257,3.9088185039,1
112,138.512655382,33.3437764805,0.1019554518,0
113,147.1829399865,32.5703365503,0,0
114,135.592385193,32.8787460364,0.4909369276,0
115,147.1759641227,33.7242048878,0,0
116,150.0977119147,30.7934047552,0,0
117,127.9706495761,30.7861645223,0.6495489323,0
118,149.506417722,31.0691269201,0,0
119,138.804939051,31.6008048737,0.3770538336,0
120,14.5716688134,22.6733529134,0.5525296286,0
121,213.4,64.936,0,0
122,14.5040976817,27.7144973441,0.086605727,0
123,16.223,42.514,7.4,2
124,25.6015,32.784,7.4,2
125,43.5038739764,25.4925313338,1.7929170145,0
126,71,25,0,0
127,17.3273981949,41.4792405632,3.6269831601,1
128,16.3588016327,42.0585169709,3.4614651309,1
129,17.0003731834,41.9546195176,3.518191911,1
130,16.4810216898,41.7148044649,3.4821245359,1
131,17.0342939731,41.8640584425,2.2639635855,1
132,17.2889358463,42.0494499828,2.3123629146,1
133,17.1932550826,41.2674843902,2.6045479684,1
134,17.5433935643,41.3236908487,2.6109974972,1
135,136.68,33.388,0,0
136,108.0317985366,50.6411376389,0.0968319201,0
137,100.2753109475,42.5984412962,11.0117333851,3
138,23.5800804685,19.3623269944,0,0
139,75.7887029765,26.2692652027,0.7172023803,0
140,49.516303477,30.9309416393,2.9425503164,1
141,49.1506997436,30.9020005894,2.9748076119,1
142,49.4045732308,29.553927573,2.6800326947,1
143,48.8163081466,31.0981704077,3.024232171,1
144,49.4028590163,29.8134826151,2.7393144417,1
145,46.8887450184,44.7900048452,6.7988553161,2
146,53.3607801159,43.00450044,4.7632087051,1
147,47.5360702664,43.3841232444,6.1866613543,2
148,52.1291449885,44.411948888,5.214298361,1
149,45.9941121478,44.8071191576,6.8745299227,2
150,122.7471340133,19.9673936077,0,0
151,138.9,18.625,0,0
152,73.7537368198,24.7593626219,0,0
153,77.1355624765,50.3407632611,8.9974249399,2
154,74.7943544693,55.0624130747,7.4,2
155,136.835,16.9955,0,0
156,43.4333678633,11.1012210456,3.7,1
157,117.9724008461,19.7179887537,0,0
158,107.0280124518,39.5491270375,6.7692640216,2
159,14.8435241655,22.354456384,1.0402668746,0
160,74.680225747,54.5483540605,7.4,2
161,105.095355304,56.3402990889,0,0
162,114.0147931339,31.8741443063,1.2647867463,0
163,64.0045105825,18.3736884291,3.7,1
164,140.3404180049,61.8713989506,0,0
165,112.6187094351,31.4680351037,1.4391829944,0
166,131.72,52.725,11.1,3
167,75.24,27.5315,0,0
168,57.4137581749,26.7058608428,0,0
169,135.06,72.7705,3.7,1
170,29.3335986933,19.7043390981,1.6202363423,0
171,105.3911119471,61.5161964804,3.7863488696,1
172,130.6545280899,30.73031439,0,0
173,74.277255235,55.3164413832,7.4,2
174,110,29.667,0,0
175,125.19,25.132,3.7,1
176,171.3835254998,50.6759145839,0.0098245674,0
177,106.745,49.5735,7.4,2
178,99.8199093354,37.203873487,4.0313400495,1
179,47.1104422268,10.9589486498,1.2118220195,0
180,56.9156581259,12.6294017345,4.2359825502,1
181,56.9309795697,9.32155811,0,0
182,80.3797314873,7.4691771898,0.4125192706,0
183,82.7682594543,7.3852725533,0.3596191381,0
184,213.4,64.936,0,0
185,187.5517907342,58.8285021125,3.4603113882,1
186,184.6317011771,58.1828279405,3.9919787864,1
187,185.4315508433,58.0405925967,2.9892909538,1
188,176.6830999074,56.3291009134,5.6178963021,2
189,182.26,55.059,0,0
190,87.969,10.412,3.7,1
191,144.71,47.952,7.4,2
192,28.7521237753,37.8198914905,4.541374266,1
193,72.832942648,18.1628494494,0.0426635332,0
194,72.7374066099,18.0271079669,0.0138135916,0
195,73.1316711025,18.1550423186,0.0511413852,0
196,72.8416128001,18.074358129,0.0156334481,0
197,71.6732202575,17.0187419498,0.0046887352,0
198,71.6209011213,17.0381146687,0.0080236843,0
199,71.6690682767,16.9260891924,0.0044960814,0
200,71.4110759364,17.0539174218,0.0122476835,0
201,116.5877878231,39.2669709921,2.6999313388,1
202,170.743894162,50.4555872185,0,0
203,114.3726894776,38.9449225994,2.8321061837,1
204,169.3533573719,49.8922757343,0,0
205,169.2972844768,50.0731869543,0,0
206,87.0625419609,33.0716358948,4.1556598804,1
207,167.6681138915,49.4886879642,0,0
208,160.0855215695,47.7524440115,0.0209841937,0
209,136.68,33.388,0,0
210,136.68,33.388,0,0
211,136.68,33.388,0,0
212,120.9866974169,33.85946311,0,0
213,112.1384421122,31.1901109807,0,0
214,101.23,34.453,0,0
215,85.4143465453,28.1686246541,0.181471105,0
216,143.9820865757,43.3833214036,0.0764395877,0
217,173.9684642937,51.3512011011,0,0
218,152.9897285497,44.9228034491,0,0
219,171.7623087329,50.6358066791,0,0
220,167.8644670253,49.3509973715,0,0
221,160.2578580002,46.9560655486,0,0
222,168.7408374347,49.5160016334,0,0
223,152.8098737517,45.4908748697,0.0412391429,0
224,142.1849536457,26.3520645299,0.3052787622,0
225,144.645674326,26.3473731289,0.234462544,0
226,142.1599534767,26.1731936666,0.3059719975,0
227,144.8839350432,26.0235090489,0.2460790707,0
228,145.0485976298,24.1797061182,0.1572769324,0
229,141.1369847328,24.151495777,0.2565434284,0
230,145.2861690747,24.1276269162,0.1218471134,0
231,142.4414910423,24.1690585626,0.2451374552,0
232,88.1688951862,22.2605802135,0.090647798,0
233,88.4369001344,22.2977310144,0.0574804865,0
234,88.7234752505,22.3069685368,0.0809020457,0
235,88.3842925741,22.2467845927,0.0526330343,0
236,88.6546130201,21.8911888428,0.0389822177,0
237,85.3335060184,22.2393279392,0.2429859055,0
238,88.2819706682,21.9987691707,0.0490454008,0
239,88.4443238615,22.3354015417,0.1110584622,0
240,114.6367913281,21.3967076506,0.187846613,0
241,115.7450261046,20.2485681247,0.1334454197,0
242,114.9478349854,20.4331721767,0.1411955838,0
243,115.5038696897,20.345123623,0.1373455136,0
244,114.5242518665,20.7153019097,0.0516659278,0
245,114.0445911923,21.1443178314,0.0902317584,0
246,114.4919614079,20.7406986364,0.050763256,0
247,113.8146355997,21.0359623929,0.1001724233,0
248,63.5291258531,20.6896185549,0.1960141457,0
249,63.1370647129,19.8244767032,0.0525789481,0
250,63.5533938953,20.129971429,0.1378723692,0
251,63.0845043185,19.9222930303,0.0551061855,0
252,63.4445007912,18.6996572349,0.0294608925,0
253,64.9028432381,20.5915323806,0.3576198903,0
254,63.7127768689,19.0252451171,0.0243291344,0
255,63.8105571293,19.3945089268,0.320463588,0
256,98.8595071427,18.1668215014,0.0986608852,0
257,98.5795998265,18.3238908048,0.0910534958,0
258,95.8321918817,15.5791835186,0.0040240792,0
259,98.4576400224,18.1848037691,0.0798348399,0
260,99.8985401789,19.0675284964,0.0409002797,0
261,99.6159532635,19.1763425491,0.0393862079,0
262,99.9641560824,19.0574191245,0.0169965387,0
263,97.740760973,19.4734728357,0.2082617057,0
264,121.9336690052,40.5877087089,2.478136891,1
265,165.1334239962,48.5893335221,0.073109421,0
266,102.736384421,36.2836562692,3.3398108968,1
267,163.5685356925,48.1297956118,0.1320156414,0
268,171.6113438872,51.0081578623,0,0
269,168.2588999209,50.0278507727,0.0249848942,0
270,171.932595579,51.167042989,0,0
271,99.1701083796,31.8864645692,0.1824048705,0
272,136.68,33.388,0,0
273,136.68,33.388,0,0
274,136.68,33.388,0,0
275,136.68,33.388,0,0
276,136.68,33.388,0,0
277,117.9592921049,15.7352815211,0.1017978159,0
278,118.0327548076,15.3495176782,0.0718689371,0
279,116.3853371365,17.1831425563,0.2692409121,0
280,112.7976367748,13.1675244684,0.0052326603,0
281,114.5712537763,16.2172709597,0.0217100241,0
282,113.1731027992,16.9685580489,0.1209379203,0
283,114.5009169341,16.0936151531,0.0184228207,0
284,113.9391047709,17.034237593,0.0818832956,0
285,56.8852979277,20.2317838336,2.3929585845,1
286,48.0259672864,16.4339599453,2.4851133006,1
287,56.5231458813,20.0157430431,2.5728933549,1
288,47.8520093611,16.4966296933,2.3835124458,1
289,41.9481910749,21.7093130427,0.3758501248,0
290,47.2294150874,24.7242097804,1.5772239798,0
291,42.2476572418,21.6692599477,0.4444237158,0
292,44.2489313434,22.6381137405,0.5818585529,0
293,90.1261460217,16.4867423173,0.1989634731,0
294,90.5289465928,16.327292999,0.0621808266,0
295,89.7936093663,16.7128131826,0.1952172143,0
296,90.3443337404,16.2233897201,0.0642998888,0
297,88.9008955619,16.6043811338,0.0222481176,0
298,87.4354800759,18.598695401,0.4090168044,0
299,88.4958933341,16.5068330074,0.0607872589,0
300,87.6923707556,19.0004224561,0.4019722694,0
301,65.9682498456,23.9071828392,1.6152201128,0
302,52.2122189,20.3643473286,1.2951905196,0
303,67.2261470016,23.5212349214,1.5851833851,0
304,51.9159552194,20.7664811835,1.2678442945,0
305,44.0511265089,21.5287069823,0.5231556988,0
306,50.4176098515,26.4716459136,1.9767086108,1
307,44.0251777126,21.6115876826,0.4547507375,0
308,52.8451729283,27.3138515385,2.3021330974,1
309,90.6527670532,28.2652911792,0.2064633095,0
310,136.68,33.388,0,0
311,119.4710326816,31.6146351347,0,0
312,136.68,33.388,0,0
313,136.68,33.388,0,0
314,115.2697999549,31.2220036838,0,0
315,136.68,33.388,0,0
316,83.446647072,27.4667277979,0.2360315073,0
317,136.68,33.388,0,0
318,136.68,33.388,0,0
319,136.68,33.388,0,0
320,136.68,33.388,0,0
321,136.68,33.388,0,0
322,136.68,33.388,0,0
323,91.930835201,28.3316583611,0.1733323165,0
324,178.9299064999,53.8609151994,0.0129488299,0
325,189.5197497849,57.2110177705,0,0
326,187.2818127187,56.4887947833,0,0
327,189.8195937358,57.4543144498,0,0
328,169.892787159,49.8565889446,0,0
329,123.0197276623,34.4382493375,0,0
330,170.0549035997,49.8684437967,0,0
331,91.1402920099,29.9351807474,0.6456979267,0
332,115.0009,31.1948,0,0
333,85.2208108108,27.6628648649,0.2,0
334,83.1981047562,27.2879974136,0.2069005852,0
335,115.0009,31.1948,0,0
336,118.955,33.9205,0,0
337,113.6137329048,31.9624204357,0,0
338,120.9866974169,33.85946311,0,0
339,85.6227455289,27.693118315,0.1939956214,0
340,139.4884293007,39.3881829414,0.0328678213,0
341,140.6869554326,41.1903005956,0.0239627198,0
342,140.62136163,40.7599557326,0.0410268203,0
343,140.7416399007,40.9746729483,0.0303681485,0
344,137.9647646832,39.2505528266,0.3164856958,0
345,137.0621786557,39.609286713,0.4406606793,0
346,139.9604035266,39.3816435762,0.2581464631,0
347,136.6590716435,38.9642752168,0.3674415141,0
348,136.68,33.388,0,0
349,136.68,33.388,0,0
350,136.68,33.388,0,0
351,139.4755912569,34.7821162506,0,0
352,136.68,33.388,0,0
353,136.68,33.388,0,0
354,136.68,33.388,0,0
355,136.68,33.388,0,0
356,130.5554292635,32.6887848647,0,0
357,136.68,33.388,0,0
358,108.2183861659,30.1387091464,0.1101467904,0
359,66.3196321322,16.897739167,0.1459020317,0
360,65.2014542117,15.8931129358,0.0360784175,0
361,66.7002199545,17.3001010765,0.2922309711,0
362,65.1018164947,15.9258808327,0.0425323314,0
363,63.7697990816,14.7527586432,0.005540276,0
364,63.9216588543,14.874732496,0.0230000995,0
365,64.0347386379,14.9430151706,0.0048316793,0
366,64.035790538,14.941739621,0.0221531056,0
367,144.71,47.952,7.4,2
368,133.678465752,12.0899923326,0,0
369,136.6238729155,15.898742149,0,0
370,133.025,11.58815,0,0
371,23.1570130214,23.7665796861,6.8311473795,2
372,101.23,34.453,0,0
373,130.7331483423,70.2445583344,13.9723086499,4
374,118.0204070789,31.8295938623,0,0
375,12.8813059748,27.4844316436,1.1247966827,0
376,158.3550792312,56.3707587049,6.7554642737,2
377,121.0874746851,31.886463358,3.2026654001,1
378,69.091,18.258,0,0
379,63.4330115378,23.8551053126,3.3015280856,1
380,135.848493232,14.3671284724,0.1413373125,0
381,107.7344436148,33.9139482601,3.5574166259,1
382,107.4191310592,34.6420916547,3.2508147889,1
383,106.3672533014,29.5460476728,2.8049370694,1
384,108.6512636104,26.1807575046,3.0831626948,1
385,94.9593278827,34.0363679605,0,0
386,12.6070547186,52.1704821936,4.6837624123,1
387,36.6173755115,40.5011614517,7.4045303082,2
388,138.55,45.9115,11.1,3
389,114.5269735629,35.1816972835,0.7751048381,0
390,17.671994717,40.6162329069,7.3978988112,2
391,33.4121097129,35.2735006608,6.7579256853,2
392,109.8061220074,24.5233947326,3.4561230733,1
393,94.858251916,34.240905011,0,0
394,108.3537073631,57.0207762819,3.7274568535,1
395,108.2705779689,57.3045334092,3.7163210167,1
396,108.249560352,58.027801411,3.7121402012,1
397,108.2923438189,57.9701788262,3.7158251149,1
398,108.9313417681,57.9222566739,3.710988482,1
399,108.6250479926,57.7943614697,3.6989624235,1
400,108.8640920681,57.5567285909,3.7075311066,1
401,108.7261214238,57.6018396167,3.7093525392,1
402,40.5088706643,18.6840223372,3.3733778005,1
403,41.0259455993,18.4337126982,3.3636892284,1
404,44.5170057721,19.2489181869,3.1029026807,1
405,45.5049058197,19.1173524609,2.9588997336,1
406,45.7542299344,19.5508518762,2.7062161311,1
407,45.5617501013,19.0736015306,3.0347272409,1
408,45.4024227374,19.1450722481,2.8780620599,1
409,48.3875814394,20.0582167834,3.1760479164,1
410,106.8355506512,57.2822454308,2.7371491814,1
411,108.3951761965,58.0716775676,2.5922037464,1
412,104.2433216068,54.6583425647,2.3242532364,1
413,107.8555152835,56.2575040282,0.964185854,0
414,107.6283579656,57.4143565935,1.2935754185,0
415,97.4893714687,51.8018817421,4.2841916542,1
416,107.5316505944,57.521688265,1.2649611553,0
417,97.2379099221,51.6985444419,4.3871075876,1
418,122.9084841429,42.708354111,0.4022710374,0
419,122.8723652381,42.4592845731,0.3573023671,0
420,121.7282555665,43.2790103832,0.3126604112,0
421,122.0006145327,43.2098804577,0.2232962813,0
422,124.8915243588,36.9714490663,0.8655573963,0
423,123.87748585,37.9174493656,0.8963165476,0
424,124.6655922237,37.1855025618,0.7065482239,0
425,115.4336003303,39.5808986768,2.4543782295,1
426,105.5993126082,42.1027746898,11.0276035168,3
427,105.7041451755,42.1273298762,11.0344788555,3
428,98.2994491686,41.8984802511,11.0444020866,3
429,99.687001578,41.82102722,11.0659531712,3
430,106.9961855986,42.1681448789,11.0250597599,3
431,103.8361417532,42.1229308734,11.0305323241,3
432,105.0537199038,42.5053318283,11.0345941678,3
433,104.947889573,42.261818846,10.8559419928,3
434,65.5132139193,27.5563106324,3.4512165887,1
435,67.2799545356,20.7914782817,2.8231193996,1
436,67.9172144604,24.3539784372,3.6080641092,1
437,67.0297131793,20.5826207686,2.9258954477,1
438,67.4493260165,20.1438174835,3.0548733697,1
439,67.0347211561,20.9635387885,2.8400105422,1
440,66.4899603064,20.0794810347,3.1568382255,1
441,69.5641699167,24.1851180523,3.6382933995,1
442,105.732090581,55.8194448372,7.4005403535,2
443,106.2068469289,55.9437622626,7.4007338682,2
444,104.5754794729,53.9752680743,7.3986160794,2
445,106.2653465545,55.8433269739,7.3973333839,2
446,106.263059547,55.3297230654,7.3991241498,2
447,106.2486351221,56.000838627,7.3976316681,2
448,106.2916609648,55.8590898241,7.3989875991,2
449,104.6182631352,55.3906282889,7.3973193723,2
450,72.2724077759,38.2688325645,7.4461137445,2
451,71.8704464418,38.175264504,7.4441271336,2
452,74.6964244461,38.0586959633,7.4407352241,2
453,74.60158337,38.0027258798,7.4268346617,2
454,74.133215738,38.08374105,7.424025118,2
455,75.4798851126,38.5414854726,7.4209062168,2
456,74.8877190897,38.1733860837,7.4215636537,2
457,73.7512136232,38.1601621439,7.4295367555,2
458,73.9843823932,51.8144399625,11.0865827294,3
459,75.8891657599,51.8612657571,11.0830265654,3
460,75.1274074509,53.2594492074,11.0759083903,3
461,75.5594453409,54.0174753104,11.0817922232,3
462,76.0840376887,53.5971061234,11.0819131961,3
463,76.1299708715,53.4589123261,11.0819540111,3
464,75.8742115883,53.0442850171,11.0819835239,3
465,75.9470412674,52.7553832768,11.0815108577,3
466,102.4433607275,43.5547724575,0.6047676581,0
467,102.3045162259,43.7088387479,0.5542897986,0
468,102.7162092419,44.1581920757,0.622530691,0
469,102.5508749707,43.8085585493,0.6452089003,0
470,99.9064796001,42.171150097,0.6993006226,0
471,99.3465714455,42.2394430136,0.7037068841,0
472,100.0990729307,42.2671846758,0.6531661704,0
473,99.2282259362,42.2057298359,0.8000558067,0
474,77.0250213299,52.8157535155,1.2145409063,0
475,77.1199509474,52.5730284566,1.4192578868,0
476,76.5384191314,53.4354440867,0.8225531997,0
477,76.3921105379,53.5618236805,0.6952181227,0
478,77.1271956869,52.8500398445,2.5285656381,1
479,78.3393663103,51.3868785581,1.9904970646,1
480,77.2042285751,52.7263173282,2.6203121327,1
481,77.1483138349,52.7476833044,2.7609967322,1
482,136.7659958022,56.6917633988,7.4143325522,2
483,137.2282324782,57.1097495902,7.41450969,2
484,137.0133905207,56.1148787891,7.4065930229,2
485,137.3492603565,56.4402233378,7.4081068131,2
486,137.3580410435,57.0123466522,7.4002386154,2
487,136.9934175724,56.416631467,7.3998957227,2
488,137.2303059873,57.1101014393,7.4000669125,2
489,137.0414528831,57.4472862977,7.4002624805,2
490,114.1662759319,24.7731725374,3.1195962423,1
491,113.3919735309,24.2032402017,3.1612827292,1
492,112.2705100046,24.2004872368,3.2147770666,1
493,113.4534696052,24.6450544454,3.1159284778,1
494,113.3688368583,24.236957541,3.335416086,1
495,111.9933262494,24.6799697828,3.3424722528,1
496,113.4415859503,24.1824890166,3.3590093943,1
497,109.0136544914,27.3027243431,4.3895668297,1
498,106.5333674149,32.0061634609,2.7877310955,1
499,39.5156485371,2.4270271014,0.6459793842,0
500,65.466030201,21.6681316638,3.7,1
501,129.7241920577,67.3835944355,5.0179035483,1
502,174.67,52.333,0,0
503,94.347,22.357,0,0
504,86.0342961966,24.7684051918,2.3522829906,1
505,39.7865767272,37.7289118945,7.8679057678,2
506,123.33,31,0,0
507,123.33,31,0,0
508,123.33,31,0,0
509,113.5465871061,32.5286029286,0,0
510,99.558,70.024,11.1,3
511,44.2202710546,21.9333125812,0.8284038038,0
512,115.236,31.496,0,0
513,19.9474691267,31.3204913635,5.6925211889,2
514,213.4,64.936,0,0
515,37.391756992,27.7292698611,6.8986782644,2
516,131.3653643503,63.2129332939,0,0
517,104.4327944434,28.8082182499,1.0503441103,0
518,97.7524373331,37.6854866505,6.6920579771,2
519,80.3753817373,40.5709510205,7.3947211224,2
520,68.323,18.408,0,0
521,139.5,14.6665,0,0
522,109.0482989354,36.3108782833,2.7850665768,1
523,140.52,57.235,11.1,3
524,132.12,51.355,11.1,3
525,123.33,31,0,0
526,87.6383333333,11.8371666667,3.7,1
527,34.1343471331,17.3409438101,3.7,1
528,128.7669826115,38.5964774837,1.8865081271,1
529,101.9064063609,41.0376919934,0,0
530,98.664,11.364,3.7,1
531,116.3164357221,35.1004605558,7.6241128656,2
532,41.9331920351,23.6469939403,0.3346157587,0
533,91.8764344826,38.1697090509,0,0
534,121.2489084338,21.2443488885,3.6581032097,1
535,30.7722176549,22.6205665899,1.1534761159,0
536,91.6177330053,21.7078240587,3.6635379815,1
537,101.9798802448,32.9065711549,14.7986900477,4
538,138.7350383965,17.8255849463,0,0
539,107.8820935728,24.2964574768,3.5903057455,1
540,58.712,20.271,3.7,1
541,128.1416672832,50.4335140878,0,0
542,172.6633283076,51.0945806319,0,0
543,70.5564006028,16.4941635722,3.5019047584,1
544,143.561534791,55.0166505759,11.1,3
545,15.198,26.924,0,0
546,47.2537445752,37.0748432223,10.9072421866,3
547,103.22,22.979,3.7,1
548,114.0933925981,40.1271943433,4.9398316938,1
549,116.2677421165,43.3009780108,1.031475202,0
550,81.4120292544,40.1165450099,7.03183946,2
551,74.384327197,58.9766118736,0.7508489604,0
552,132.0402063137,60.8272221288,0.0754750082,0
553,107.1472972002,24.6786345922,3.4808908995,1
554,142.23,55.2105,7.4,2
555,54.177,28.952,14.8,4
556,116.6982174797,31.6636850618,2.7724110559,1
557,121.8296411052,23.0486036344,3.6993813746,1
558,136.68,33.388,0,0
559,40.4,22.1275,3.7,1
560,108.6869791791,50.7935082705,4.1562499981,1
561,107.6016932352,54.3586413085,4.2273016691,1
562,122.6422270344,39.0926226807,6.8517264501,2
563,83.333,26,0,0
564,28.4442448966,35.0398683209,11.0928940118,3
565,18.963,32.969,7.4,2
566,107.2407791703,53.1824532331,7.399322589,2
567,31.6727610812,23.491471116,1.128122185,0
568,33.7127773055,25.0714964375,0.2698928953,0
569,115.4888783268,29.8130297182,0.8224132294,0
570,114.7803237254,32.33583856,0,0
571,75.61,69.295,0,0
572,105.18,33.116,0,0
573,136.68,33.388,0,0
574,115.236,31.496,0,0
575,68.6717909517,41.5296977,8.8074936234,2
576,98.45,28.341,0,0
577,69.6863388178,39.6199555962,0,0
578,132.5933333333,10.3595333333,0,0
579,207.455,62.3415,0,0
580,97.3401527098,35.1724929736,3.9482303213,1
581,108.3280089361,25.1734022406,0,0
582,132.4819303696,30.1945356723,1.3430029079,0
583,100.4048665743,27.0182279965,0.3322784218,0
584,61.6265982416,35.087098123,4.0932883903,1
585,68.323,18.408,0,0
586,132.725,46.4185,7.4,2
587,136.68,33.388,0,0
588,151.2550414351,31.8503382657,2.2675877394,1
589,81.247081135,17.9666276243,0.1498646082,0
590,132.5933333333,10.3595333333,0,0
591,109.2250751272,23.9198131301,2.6397954433,1
592,39.4370503646,63.9758511617,10.6697591796,3
593,86.1581778632,16.9545279784,0,0
594,116.0162542583,41.38244655,0,0
595,82.6420562496,27.2196313769,0.2093078294,0
596,84.2370560251,29.3132032327,1.6498428022,0
597,114.7803237254,32.33583856,0,0
598,98.8602842224,32.5451410261,2.652388626,1
599,108.6083187167,33.3001794331,0,0
600,123.33,31,0,0
601,87.3440738243,33.0536976958,3.9777523456,1
602,81.9574555978,27.2675722222,0.2827607868,0
603,85.9936944444,27.7720833333,0.1027777778,0
604,140.63125,37.18675,0,0
605,140.63125,37.18675,0,0
606,82.9082702318,27.2492058074,0.2080972458,0
607,115.1141239163,39.1636727773,0,0
608,87.3731441471,31.1146421638,0.1670507773,0
609,68.323,18.408,0,0
610,101.23,34.453,0,0
611,101.23,34.453,0,0
612,101.23,34.453,0,0
613,101.23,34.453,0,0
614,123.33,31,0,0
615,86.9372350665,32.7536315758,4.0528935855,1
616,106.5395929211,33.6234061377,0,0
617,85.5562617128,30.0776930159,2.054268812,1
618,101.23,34.453,0,0
619,89.7132477445,34.0596337954,3.5717867662,1
620,119.653940569,31.5743634939,0,0
621,83.1981047562,27.2879974136,0.2069005852,0
622,119.6421846072,20.1645810061,0,0
623,92.7967525766,41.0944608175,7.2946056224,2
624,126.8305610001,30.7394802971,3.659121204,1
625,103.6701946404,28.982418623,0,0
626,89.5830223713,19.875442577,0,0
627,101.23,34.453,0,0
628,131.8531953544,69.809809786,7.4952240334,2
629,129.0683465572,68.9194909502,7.4,2
630,28.0405558441,44.1007645514,7.4,2
631,135.5486927166,62.0767174775,0.9631720179,0
632,71,25,0,0
633,14.1049429993,25.7174922885,0,0
634,56.998,26.724,0,0
635,102.7639615227,40.8444179944,3.2132180387,1
636,104.8996996708,64.6933344309,0.0667687032,0
637,18.9818611654,25.5948460177,2.6339120528,1
638,120.1673678013,39.6003455003,2.5291908535,1
639,125.47,9.677,0,0
640,111.8010505547,46.4910101055,3.9236726468,1
641,71.8187087442,12.9162301936,3.7,1
642,24.262,38.0045,7.4,2
643,74.822342646,47.2566979109,7.2728173265,2
644,75.8785043345,47.9794185698,7.3018018969,2
645,127.7647602037,32.0393803935,0.056578475,0
646,67.6196670356,24.4491638971,0,0
647,128.661935386,34.8147470961,0,0
648,99.7542593676,43.5927699615,11.1,3
649,97.6061382182,16.9576661174,3.7,1
650,82.4583113317,27.2679927223,0.1110235357,0
651,142.34,37.8801428571,0,0
652,139.9909357718,36.8911939047,0,0
653,84.2584665132,27.4399447053,0.1058000104,0
654,85.5069754594,32.0589163203,3.5855038534,1
655,101.23,34.453,0,0
656,112.48709974,31.4839364264,0,0
657,106.5395929211,33.6234061377,0,0
658,123.33,31,0,0
659,87.7310127513,32.6832462937,3.930797108,1
660,123.33,31,0,0
661,98.8578669634,34.5558117098,5.0282596181,1
662,85.862203125,32.828390625,4.2203125,1
663,123.33,31,0,0
664,85.862203125,32.828390625,4.2203125,1
665,123.33,31,0,0
666,123.33,31,0,0
667,117.6349784455,33.7103407378,1.1864167613,0
668,123.33,31,0,0
669,85.3153940092,28.4246013825,0.7928571429,0
670,86.3268241431,32.8775081184,4.0927180304,1
671,112.28,32.7265,0,0
672,85.862203125,32.828390625,4.2203125,1
673,109.7796762746,33.11716144,0,0
674,123.33,31,0,0
675,92.3731041745,32.5186344352,3.3527681489,1
676,123.33,31,0,0
677,84.5848766563,30.9883565983,2.8949008328,1
678,82.4583113317,27.2679927223,0.1110235357,0
679,142.34,37.8801428571,0,0
680,140.0856253273,36.9572665794,0,0
681,84.1703904714,27.454782558,0.2033917794,0
682,85.4100995424,27.8415345102,0.1981372393,0
683,133.0775380719,39.2662840897,0,0
684,135.4538372589,38.6120898057,0,0
685,81.4959319306,27.2210921587,0.2250159014,0
686,84.9585704003,27.8806459595,0.232721052,0
687,101.23,34.453,0,0
688,115.5692981863,32.1843372436,0,0
689,101.23,34.453,0,0
690,123.33,31,0,0
691,121.6880395626,32.0118285252,0,0
692,118.0204070789,31.8295938623,0,0
693,85.2208108108,27.6628648649,0.2,0
694,140.0451010575,36.9421830965,0,0
695,82.4583113317,27.2679927223,0.1110235357,0
696,82.8167564495,27.4073052052,0.1199032768,0
697,140.63125,37.18675,0,0
698,98.9496376791,33.8698501051,3.2118402553,1
699,83.6464372029,27.3510048672,0.1070592632,0
700,85.862203125,32.828390625,4.2203125,1
701,123.33,31,0,0
702,85.862203125,32.828390625,4.2203125,1
703,123.33,31,0,0
704,123.33,31,0,0
705,85.862203125,32.828390625,4.2203125,1
706,123.33,31,0,0
707,85.862203125,32.828390625,4.2203125,1
708,117.5024044811,38.1372590852,2.0220873522,1
709,107.8895061592,31.3187300714,2.7042385151,1
710,39.7726387328,21.3563671126,0.7383155646,0
711,34.753530224,21.8824724068,0.22404473,0
712,14.1049429993,25.7174922885,0,0
713,157.2025457783,42.9659193934,0,0
714,121.0066580636,33.0381692828,3.7208225726,1
715,111.7936734539,51.1615858686,6.0755601395,2
716,153.8546681317,29.4174334182,0,0
717,136.68,33.388,0,0
718,49.6950848615,22.9056014928,0.7920241938,0
719,123.8366307068,11.3650358529,1.2399717501,0
720,74.0478744779,29.3673799254,0.1247714181,0
721,182.26,55.059,0,0
722,125.0133644613,32.6999089942,0.0020529452,0
723,129.75,33.5615,3.7,1
724,60.4316779567,38.3650666069,3.6791425598,1
725,14.0663560437,19.2811880844,0,0
726,101.23,34.453,0,0
727,107.4681268065,58.407550256,4.5472346089,1
728,68.6636410196,24.8225032847,0,0
729,115.979084003,38.4049615896,2.0863401316,1
730,171.5170054099,50.4408786971,0,0
731,131.3850076721,41.620773819,1.7271851929,0
732,173.1409447782,51.2906776306,0.0098003376,0
733,151.212136556,43.5207235141,0,0
734,168.2018588115,50.202531692,0,0
735,148.1627176324,42.3874086078,0,0
736,140.3851092983,43.0099556544,0.1685095149,0
737,137.59,55.855,7.4,2
738,135.8201187348,49.9712939664,11.0233009344,3
739,18.2094617628,39.9350576123,9.7564918257,3
740,49.3929665671,35.0562219506,8.142670761,2
741,127.9174043427,46.0840489393,7.4,2
742,55.5585,23.6885,1.85,0
743,82.7399446063,25.796946243,0.0040517302,0
744,72.995,24.986,0,0
745,68.323,18.408,0,0
746,55.9709119616,23.0167532655,1.0902827889,0
747,124.3250434719,43.2730857676,9.8627635373,3
748,87.989760622,29.5855312249,0.4921637816,0
749,88.5609481268,31.1035101086,0.7481467299,0
750,85.3994290399,33.009152854,1.7608930282,0
751,93.6531023493,32.0139653886,1.3236682583,0
752,101.6594458213,31.1670414312,0.8929168262,0
753,91.4098466057,32.7752254058,1.5993300249,0
754,103.4752767086,31.5118054744,0.9567979317,0
755,77.108040022,37.4541797974,3.2968866425,1
756,106.7470260486,33.6875604858,2.9031664387,1
757,109.9452041727,29.3508884233,0.1556697183,0
758,101.1668723772,29.6560599733,0.4653568741,0
759,109.9872434651,29.6059536091,0.1903656749,0
760,103.7884401491,31.4307043484,0.9277005902,0
761,97.3016064508,29.3137230802,0.5004829614,0
762,81.1787718916,34.6236793608,2.4282086005,1
763,90.5650215264,33.2417934393,1.9248456743,1
764,94.2435222427,32.4425015262,1.4644652939,0
765,92.3442114195,32.0603919664,1.5259760216,0
766,14.12,28.229,0,0
767,68.374,32.5525,3.7,1
768,106.1684082227,53.5116652159,7.5615387607,2
769,20.4176,27.7412,7.4,2
770,14.12,28.229,0,0
771,15.6019307991,18.4887309746,2.1107058558,1
772,136.68,33.388,0,0
773,54.6126758811,15.4309085568,1.0722629109,0
774,140.7129729049,57.2796598864,9.0261662005,2
775,41.4528986136,22.9773473601,0.2619634098,0
776,121.6469841432,18.8267701242,0.1727239443,0
777,122.4838353515,18.2778833479,0.0905397265,0
778,121.6551528895,18.951646554,0.1724390832,0
779,121.8849601112,18.5596710682,0.0745493704,0
780,124.1128230275,17.6166022488,0.0100430565,0
781,124.219224553,17.5494084794,0.0268900106,0
782,124.3748881259,17.5480115012,0.0075411372,0
783,124.3098632153,17.8157325187,0.0172342109,0
784,187.2202962115,56.3529835998,0,0
785,182.5621115714,54.6419809914,0,0
786,183.875562438,55.1770791859,0,0
787,185.366052597,55.4900089394,0,0
788,110.7993756569,30.4333236595,0,0
789,82.6420562496,27.2196313769,0.2093078294,0
790,174.67,52.333,0,0
791,174.67,52.333,0,0
792,174.67,52.333,0,0
793,177.6105624802,53.3891229672,0,0
794,104.7541343536,56.8437373473,10.476189302,3
795,105.9777436228,56.8537543413,10.7080575209,3
796,104.9663650655,56.7597956331,10.5255630053,3
797,105.7979171551,57.4327580731,10.5768154267,3
798,106.1039455409,53.6163133062,9.6242486402,3
799,104.8255281202,53.7028102247,9.5978286609,3
800,106.4757486153,54.5537315166,9.6397558657,3
801,101.1626842976,53.9300997261,10.0631111876,3
802,111.31,74.542,0,0
803,117.2082129508,74.1993991174,0,0
804,108.8104299106,49.807252881,11.037720633,3
805,108.7006904135,49.9259773809,11.0511958078,3
806,109.1169690751,48.9809127739,11.0233721152,3
807,108.767281033,49.8443326381,11.0464000864,3
808,107.9999673358,49.2724158062,10.9469616037,3
809,107.200604061,50.1195958494,11.0255317193,3
810,107.4545832424,49.6048056767,11.0278787235,3
811,111.927908412,49.1028414003,10.0866425175,3
812,138.6780323188,38.0538255579,2.9332433914,1
813,144.0756336311,38.8238836553,2.9100642864,1
814,138.8815272194,38.4784436019,3.0533473375,1
815,144.1720446405,38.8174501368,2.9545953702,1
816,137.7518220847,39.0022519405,3.2348778662,1
817,137.0846001469,38.9407302369,3.5239086505,1
818,139.9466301027,37.6986206486,3.3248770672,1
819,137.7033002502,40.3203663927,3.3221935845,1
820,136.68,33.388,0,0
821,155.1122157876,40.9675039581,0,0
822,158.3883684888,42.2935262613,0,0
823,119.5259374226,32.6839716238,0,0
824,166.3240983834,45.8252014745,0,0
825,136.68,33.388,0,0
826,136.68,33.388,0,0
827,136.68,33.388,0,0
828,136.68,33.388,0,0
829,112.9617142857,30.9438571429,0,0
830,81.7282199619,27.1649523097,0.2155783496,0
831,126.9814429348,46.7613611461,11.084447164,3
832,126.8971867695,46.8060053224,11.0898485698,3
833,126.942821902,46.7719461198,11.0860993345,3
834,126.1535331022,46.6675236862,11.0881109761,3
835,128.5932953295,46.706151334,11.0688325955,3
836,129.1270510297,47.0725520601,11.0588704683,3
837,129.6320760021,47.1996964009,11.0538768578,3
838,128.483429203,46.780823277,11.0294401259,3
839,141.0952533678,55.9914988147,3.9331735558,1
840,141.2960171002,56.0227865785,3.903539138,1
841,141.1799755995,55.4379707577,3.93148292,1
842,141.3308310932,55.4761697824,3.9101792021,1
843,140.3309419822,58.9335051372,4.1087724663,1
844,140.1843949528,58.2865371689,4.0602542442,1
845,140.360788931,58.8751626322,4.1258809751,1
846,139.3530327329,58.1489337014,4.1678568942,1
847,125.47,9.677,0,0
848,47.4152852176,38.6342379996,7.4,2
849,21.6539827547,7.367005197,0,0
850,45.2215728043,22.6306580144,0.8883238845,0
851,125.0728460025,41.0316976834,2.4758817149,1
852,130.255,71.6535,0,0
853,38.6689406209,36.925765396,6.7287217529,2
854,150.1969554151,32.9513564844,0.0101674662,0
855,151.1586639887,29.5710635918,0,0
856,56.1290904865,33.049615114,9.6535883951,3
857,123.03,37.047,0,0
858,48.630488606,20.9117106984,2.0998061175,1
859,74.3512717779,56.2097537088,10.9347382082,3
860,131.3458841015,62.5839851687,0,0
861,172.3725290916,51.2235047945,0,0
862,34.3419552468,27.2672520944,5.3032771579,1
863,25.9415,34.8,7.4,2
864,102.9034335093,18.0803732874,3.7,1
865,142.7865678731,34.8228594716,1.8521552716,1
866,124.2894386602,24.4219033711,2.2727351999,1
867,95.356,40.252,7.4,2
868,127.3735003889,26.3339434768,3.6318580312,1
869,84.4895678538,33.4801330046,0.156413911,0
870,110.0360041945,49.1093502504,5.0033646601,1
871,137.6592463114,37.4671679041,3.6854224215,1
872,107.9207259327,28.5395918913,5.6922219332,2
873,115.3275479928,31.5231439399,0,0
874,18.4607888535,38.2121212211,7.3867194408,2
875,43.661508933,22.4656524467,0.539814345,0
876,87.815,29.037,0,0
877,34.68425,34.8075,7.4,2
878,113.0520635613,73.3567311669,0,0
879,130.255,71.6535,0,0
880,54.0959626805,36.5525801533,7.4,2
881,89.5669159489,42.9964769309,10.9549037648,3
882,77.7274379628,40.5080325033,10.7785594072,3
883,75.4557535691,39.9441889573,10.8880536786,3
884,80.7259340513,40.9066754848,10.919868137,3
885,74.0967111271,39.0313107348,11.0668026209,3
886,74.192053063,39.0403535586,11.0698370263,3
887,74.166069815,39.0842157404,11.0700545483,3
888,74.1398371239,39.1359039418,11.0533652084,3
889,145.5525844107,37.0777456454,0,0
890,142.9673458186,36.0155930463,0,0
891,148.904203683,38.5805247033,0,0
892,147.8131451591,38.2612002947,0,0
893,143.3676291387,41.4466983808,0.0174347084,0
894,114.8319034558,36.266836642,1.7000847866,0
895,141.6114635924,40.3459179227,0.0133811441,0
896,114.0764597028,35.5784010731,1.2888028403,0
897,126.5108182139,43.7716806359,7.3727752826,2
898,126.2759002523,43.7060429418,7.3764181846,2
899,123.4636153139,43.297274725,7.4342409313,2
900,124.8667866766,43.3095640171,7.3550497401,2
901,126.6818427596,43.4837726472,7.4004176917,2
902,125.8877738593,43.543810643,7.3930040949,2
903,127.1887949164,43.8741878959,7.4010175075,2
904,124.8034954344,43.5742491652,7.4746499672,2
905,136.9665324562,59.1357808607,11.0847519736,3
906,136.869230424,59.2622547559,11.0901312201,3
907,136.637581068,59.6668868543,11.093612399,3
908,136.7279616169,59.4821524908,11.093229394,3
909,136.6421948541,59.6287381694,11.0820541974,3
910,136.6090928074,60.0944480469,11.0956083876,3
911,136.5943020539,59.4811828238,11.0860803798,3
912,136.5985693721,59.4332951616,11.0903352827,3
913,82.751784497,25.6778052956,2.9692455159,1
914,91.1317011434,22.9141171574,2.7846400942,1
915,91.8130032296,22.9739496148,2.9576852775,1
916,91.655825416,22.7622056156,3.0298680926,1
917,88.7291434483,23.4372522044,2.5143781258,1
918,91.757856337,25.1958216989,2.6161879952,1
919,88.8170459781,23.3989230522,2.5873842829,1
920,89.665379652,23.5900227555,2.8358103559,1
921,77.0442729761,54.0838403078,3.719213101,1
922,77.1149242433,53.6661839251,3.7103671175,1
923,76.7447244477,54.5753116237,3.7124168965,1
924,76.8203214405,54.4448165284,3.7117689972,1
925,77.1373398219,53.654027692,3.7091491451,1
926,77.6884869306,53.3139026359,3.7246630914,1
927,77.1006743943,53.7282235786,3.7066731133,1
928,77.5139480515,53.4674340458,3.7214834158,1
929,106.857440957,40.6788499426,7.3706992981,2
930,107.3675439342,40.5065563234,7.376848642,2
931,107.9271836138,40.7863917008,7.3992653265,2
932,107.5202000138,40.5042793557,7.3999210458,2
933,108.106846243,41.0631391188,7.4016934118,2
934,109.9856418305,41.4318414005,6.8642576739,2
935,109.6473053316,41.1518371642,6.8715964924,2
936,107.7011100453,42.4134320684,7.3971989552,2
937,69.0087992841,39.4480237831,0.4845400168,0
938,68.873150929,39.2456260064,0.5399078537,0
939,68.1507410066,41.3129090984,0.1123726352,0
940,68.207040464,41.199640569,0.0965537411,0
941,67.6648224207,42.324302565,0.0749442442,0
942,67.7628273587,42.2649827519,0.0842007558,0
943,67.6502614362,42.3117549942,0.0841067075,0
944,67.7327305655,42.3333614515,0.0854186524,0
945,74.7811555656,54.6180656983,7.4018569285,2
946,74.6927297636,54.5327802618,7.4021622889,2
947,75.5533179113,53.4035727303,7.403708252,2
948,75.5083129983,53.4657842547,7.4039679025,2
949,76.3913324582,51.4584331766,7.4015370946,2
950,76.2608050058,51.7340101037,7.3995113823,2
951,76.3722750442,51.5001742324,7.4014358133,2
952,76.2572735712,51.8378553957,7.3969568285,2
953,83.940241541,27.3903100335,0.106425912,0
954,140.63125,37.18675,0,0
955,140.63125,37.18675,0,0
956,83.4559157593,27.4666424092,0.2416391603,0
957,85.2208108108,27.6628648649,0.2,0
958,129.9983116252,40.1139939874,0,0
959,113.4221819012,44.677396347,0,0
960,83.5117264247,27.3368372411,0.2057176086,0
961,128.5279670315,33.6014491334,0,0
962,85.2208108108,27.6628648649,0.2,0
963,130.0598461538,34.0552307692,0,0
964,130.0598461538,34.0552307692,0,0
965,84.8372133265,27.6161857117,0.248309747,0
966,85.9936944444,27.7720833333,0.1027777778,0
967,140.63125,37.18675,0,0
968,140.63125,37.18675,0,0
969,82.2750816555,27.2910561662,0.1124110162,0
970,85.9936944444,27.7720833333,0.1027777778,0
971,140.63125,37.18675,0,0
972,140.63125,37.18675,0,0
973,82.4583113317,27.2679927223,0.1110235357,0
974,86.3588626563,28.7370720718,0.1888006103,0
975,140.63125,37.18675,0,0
976,128.2191060899,40.6038086108,0,0
977,84.2358263446,28.0777261734,0.1035270727,0
978,140.63125,37.18675,0,0
979,83.3743913803,29.6167471952,1.9417539344,1
980,133.8441474278,57.9719132129,7.6335815049,2
981,138.5536003287,61.4260172062,6.7995726574,2
982,14.0825,21.974,0,0
983,122.5309090909,70.1241818182,0,0
984,213.4,64.936,0,0
985,213.4,64.936,0,0
986,150.9578380756,36.8943682439,0.0434255652,0
987,102.8659933088,17.9408592771,3.7,1
988,93.9843688081,39.1722319069,7.5308457256,2
989,46.4930069105,44.2573968857,11.0379022776,3
990,81.8625,7.2249,0,0
991,63.3712489318,36.9813169614,3.4856535579,1
992,73.1668610955,38.0885454819,3.6802853024,1
